sample	BLCA	CESC	ESCA	HNSC	LUSC
VOA16537a	6.465611e-05	0.00018571416	0.00015611357	0.9993994	0.00019410478
VOA18438a	0.13291296	0.6345779	0.0012850985	0.23071398	0.00051006733
VOA17581a	0.06853426	0.046587393	0.0063531	0.8512819	0.027243452
VOA18480a	0.28324002	0.29552695	0.00016438407	0.42028317	0.0007855387
VOA16523a	0.14928956	0.17189845	0.004957396	0.65710413	0.016750412
